uniprot_id,database,processed,has_go_terms,has_go_terms_pair
P09169,MoonProt3,True,True,True
Q9Y2X8,MoonDB,True,True,True
Q05086,MoonDB,True,True,True
Q9Y6X0,MoonDB,True,True,True
Q8BH75,MoonDB,True,True,True
Q04120,MoonProt3,True,True,True
P61077,MoonDB,True,True,True
Q16659,MoonDB,True,True,True
Q6UWE0,MoonDB,True,True,True
Q8IWX8,MoonDB,True,True,True
P43364,MoonDB,True,True,True
Q969T4,MoonDB,True,True,True
O75400,MoonDB,True,True,True
P06151,MoonProt3,True,True,True
P08254,MoonProt3,True,True,True
Q96LR5,MoonDB,True,True,True
P23568,MoonProt3,True,True,True
Q06449,MoonDB,True,True,True
P54786,MoonDB,True,True,True
Q9VU87,MoonProt3,True,True,True
O75821,MoonProt3,True,True,True
O15371,MoonProt3,True,True,True
Q9Y2D8,MoonDB,True,True,True
Q9VDV4,MoonProt3,True,True,True
P10096,MoonProt3,True,True,True
P48601,MoonDB,True,True,True
P50142,MoonProt3,True,True,True
Q13480,MoonDB,True,True,True
P40054,MoonDB,True,True,True
O14788,MoonDB,True,True,True
Q15477,MoonDB,True,True,True
Q92734,MoonDB,True,True,True
Q9H211,MoonProt3,True,True,True
P00004,MoonProt3,True,True,True
P31230,MoonProt3,True,True,True
P43593,MoonProt3,True,True,True
P49710,MoonDB,True,True,True
P34960,MoonProt3,True,True,True
Q9V4S8,MoonProt3,True,True,True
P32835,MoonDB,True,True,True
P15822,MoonDB,True,True,True
Q9GZM8,MoonDB,True,True,True
Q92890,MoonDB,True,True,True
P16143,MoonProt3,True,True,True
P28862,MoonProt3,True,True,True
P0AG40,MoonProt3,True,True,True
Q9C0C9,MoonDB,True,True,True
Q9NPI8,MoonDB,True,True,True
O43639,MoonDB,True,True,True
Q9C019,MoonDB,True,True,True
Q15843,MoonDB,True,True,True
Q15154,MoonDB,True,True,True
P32189,MoonDB,True,True,True
P12063,MoonProt3,True,True,True
Q86VP1,MoonDB,True,True,True
Q7YZX3,MoonProt3,True,True,True
Q9KKF0,MoonProt3,True,True,True
P06745,MoonProt3,True,True,True
Q8N0Z3,MoonDB,True,True,True
P51668,MoonDB,True,True,True
P31681,MoonProt3,True,True,True
Q16543,MoonDB,True,True,True
P02489,MoonDB,True,True,True
P69786,MoonProt3,True,True,True
P46273,MoonProt3,True,True,True
Q96LK0,MoonDB,True,True,True
P82612,MoonProt3,True,True,True
P75391,MoonProt3,True,True,True
P07335,MoonProt3,True,True,True
Q92997,MoonDB,True,True,True
Q9UHD9,MoonDB,True,True,True
P0CG48,MoonDB,True,True,True
P02511,MoonDB,True,True,True
P04792,MoonDB,True,True,True
Q8WUM4,MoonDB,True,True,True
P50362,MoonProt3,True,True,True
Q21921,MoonProt3,True,True,True
Q3UVR3,MoonProt3,True,True,True
P03957,MoonProt3,True,True,True
P46587,MoonProt3,True,True,True
Q05128,MoonProt3,True,True,True
P41797,MoonProt3,True,True,True
P11574,MoonProt3,True,True,True
Q9CZD3,MoonProt3,True,True,True
P42566,MoonProt3,True,True,True
Q9SSE7,MoonProt3,True,True,True
P43274,MoonProt3,True,True,True
Q9URB4,MoonProt3,True,True,True
Q383B2,MoonProt3,True,True,True
P39743,MoonDB,True,True,True
P38822,MoonDB,True,True,True
P37370,MoonDB,True,True,True
P06367,MoonProt3,True,True,True
P32856,MoonProt3,True,True,True
Q9QWV4,MoonDB,True,True,True
P47135,MoonDB,True,True,True
Q74JU6,MoonProt3,True,True,True
P62837,MoonDB,True,True,True
Q66GS9,MoonDB,True,True,True
P47992,MoonProt3,True,True,True
P05230,MoonProt3,True,True,True
Q12904,MoonProt3,True,True,True
P0A7W7,MoonProt3,True,True,True
P0A7L0,MoonProt3,True,True,True
P23219,MoonDB,True,True,True
Q93VT9,MoonProt3,True,True,True
P48415,MoonDB,True,True,True
Q75NZ0,MoonProt3,True,True,True
Q14103,MoonDB,True,True,True
P59240,MoonProt3,True,True,True
O75674,MoonDB,True,True,True
P25858,MoonProt3,True,True,True
P11415,MoonProt3,True,True,True
Q9K498,MoonProt3,True,True,True
Q9Z0E3,MoonProt3,True,True,True
P0ADY3,MoonProt3,True,True,True
Q61171,MoonProt3,True,True,True
Q9H8X2,MoonProt3,True,True,True
P25233,MoonDB,True,True,True
P0A7R5,MoonProt3,True,True,True
P0A7J3,MoonProt3,True,True,True
P02359,MoonProt3,True,True,True
Q14152,MoonProt3,True,True,True
Q04439,MoonDB,True,True,True
Q08117,MoonDB,True,True,True
P32790,MoonDB,True,True,True
P24058,MoonProt3,True,True,True
P63104,MoonDB,True,True,True
P98175,MoonDB,True,True,True
Q9BQB6,MoonDB,True,True,True
Q15637,MoonDB,True,True,True
Q03790,MoonDB,True,True,True
P61457,MoonDB,True,True,True
Q13404,MoonDB,True,True,True
Q14160,MoonDB,True,True,True
O75330,MoonDB,True,True,True
Q3E7X9,MoonProt3,True,True,True
Q9NRD5,MoonDB,True,True,True
P04807,MoonProt3,True,True,True
P0CX45,MoonProt3,True,True,True
Q15038,MoonDB,True,True,True
Q96AP0,MoonDB,True,True,True
Q5BJF6,MoonProt3,True,True,True
Q6NUS6,MoonDB,True,True,True
Q9NYB9,MoonDB,True,True,True
Q3HL75,MoonProt3,True,True,True
Q9CR42,MoonDB,True,True,True
Q43155,MoonProt3,True,True,True
P05979,MoonProt3,True,True,True
Q9BYE9,MoonDB,True,True,True
P0C0V0,MoonProt3,True,True,True
O15360,MoonDB,True,True,True
P41834,MoonDB,True,True,True
Q01217,MoonProt3,True,True,True
Q96VN5,MoonProt3,True,True,True
P54253,MoonDB,True,True,True
P07359,MoonDB,True,True,True
O15287,MoonDB,True,True,True
Q9UQE7,MoonDB,True,True,True
Q06208,MoonDB,True,True,True
P29055,MoonDB,True,True,True
Q9Y7F0,MoonProt3,True,True,True
Q94420,MoonDB,True,True,True
P32121,MoonProt3,True,True,True
Q6ZU80,MoonDB,True,True,True
Q9NRI5,MoonDB,True,True,True
Q7L5D6,MoonDB,True,True,True
Q14247,MoonDB,True,True,True
P00805,MoonProt3,True,True,True
Q9BWF3,MoonDB,True,True,True
O15151,MoonDB,True,True,True
Q9CW03,MoonProt3,True,True,True
P56192,MoonProt3,True,True,True
P39099,MoonProt3,True,True,True
P23202,MoonProt3,True,True,True
P14540,MoonProt3,True,True,True
Q12309,MoonProt3,True,True,True
Q08438,MoonProt3,True,True,True
Q8R010,MoonProt3,True,True,True
P0A7V8,MoonProt3,True,True,True
Q9D1M4,MoonProt3,True,True,True
P14120,MoonProt3,True,True,True
P19338,MoonProt3,True,True,True
Q9NQX3,MoonProt3,True,True,True
Q5JFD7,MoonProt3,True,True,True
P9WQN9,MoonProt3,True,True,True
P9WQP1,MoonProt3,True,True,True
P9WQP3,MoonProt3,True,True,True
P32527,MoonProt3,True,True,True
Q5JFG7,MoonProt3,True,True,True
P36969,MoonProt3,True,True,True
P76014,MoonProt3,True,True,True
O35244,MoonProt3,True,True,True
P05062,MoonDB,True,True,True
P48962,MoonProt3,True,True,True
P51881,MoonProt3,True,True,True
P61978,MoonDB,True,True,True
P12235,MoonProt3,True,True,True
P23256,MoonProt3,True,True,True
P46108,MoonDB,True,True,True
Q80VW7,MoonProt3,True,True,True
P19971,MoonProt3,True,True,True
P51965,MoonDB,True,True,True
P05064,MoonProt3,True,True,True
Q15750,MoonDB,True,True,True
P04764,MoonProt3,True,True,True
P45973,MoonDB,True,True,True
P09382,MoonDB,True,True,True
Q8DTS9,MoonProt3,True,True,True
Q9UJV3,MoonDB,True,True,True
P36024,MoonProt3,True,True,True
P28741,MoonProt3,True,True,True
P30575,MoonProt3,True,True,True
Q9HAU5,MoonDB,True,True,True
Q9Y3E5,MoonProt3,True,True,True
P61459,MoonProt3,True,True,True
P0AFW0,MoonProt3,True,True,True
P07017,MoonProt3,True,True,True
Q9NR28,MoonDB,True,True,True
Q9NPD3,MoonDB,True,True,True
P04049,MoonDB,True,True,True
Q07637,MoonProt3,True,True,True
A0A1D8PFS4,MoonProt3,True,True,True
Q9H190,MoonDB,True,True,True
P99999,MoonDB,True,True,True
P21266,MoonProt3,True,True,True
Q9H0A6,MoonDB,True,True,True
P76015,MoonProt3,True,True,True
P16858,MoonProt3,True,True,True
P00330,MoonDB,True,True,True
A5D8V6,MoonDB,True,True,True
Q6Q3I2,MoonProt3,True,True,True
P07250,MoonProt3,True,True,True
P00558,MoonProt3,True,True,True
P00360,MoonDB,True,True,True
Q95VF2,MoonProt3,True,False,False
P42834,MoonDB,True,True,True
P0CT31,MoonProt3,True,True,True
Q12018,MoonDB,True,True,True
P12425,MoonProt3,True,True,True
P31658,MoonProt3,True,True,True
P0CG47,MoonDB,True,True,True
P68767,MoonProt3,True,True,True
Q42403,MoonProt3,True,True,True
P38011,MoonProt3,True,True,True
P50552,MoonDB,True,True,True
P37887,MoonProt3,True,True,True
P30822,MoonDB,True,True,True
Q24803,MoonProt3,True,True,True
P60520,MoonDB,True,True,True
P25788,MoonDB,True,True,True
P00924,MoonProt3,True,True,True
Q8N3Y7,MoonProt3,True,True,True
P27986,MoonDB,True,True,True
P62258,MoonDB,True,True,True
P08621,MoonDB,True,True,True
P00925,MoonProt3,True,True,True
O00204,MoonDB,True,True,True
Q13387,MoonDB,True,True,True
P08670,MoonDB,True,True,True
P80188,MoonDB,True,True,True
P06744,MoonDB,True,True,True
Q8TB24,MoonDB,True,True,True
P53675,MoonDB,True,True,True
P78352,MoonDB,True,True,True
P47543,MoonProt3,True,True,True
P01583,MoonProt3,True,True,True
Q13501,MoonDB,True,True,True
Q15046,MoonProt3,True,True,True
O95166,MoonDB,True,True,True
P9WK17,MoonProt3,True,True,True
P23872,MoonProt3,True,True,True
Q96RG2,MoonDB,True,True,True
Q8TBC4,MoonDB,True,True,True
P60174,MoonProt3,True,True,True
P17931,MoonDB,True,True,True
P09038,MoonProt3,True,True,True
P21333,MoonDB,True,True,True
P00445,MoonProt3,True,True,True
Q93062,MoonDB,True,True,True
O04019,MoonProt3,True,True,True
Q9H307,MoonProt3,True,True,True
P04406,MoonProt3,True,True,True
P28241,MoonProt3,True,True,True
P55084,MoonProt3,True,True,True
P42227,MoonProt3,True,True,True
Q12349,MoonDB,True,True,True
P00359,MoonProt3,True,True,True
P00358,MoonDB,True,True,True
P47017,MoonDB,True,True,True
P15303,MoonDB,True,True,True
P63159,MoonProt3,True,True,True
P19414,MoonDB,True,True,True
P62328,MoonProt3,True,True,True
P68105,MoonProt3,True,True,True
Q9VMB4,MoonProt3,True,True,True
P27487,MoonProt3,True,True,True
Q9MZB4,MoonProt3,True,True,True
P06168,MoonProt3,True,True,True
P00734,MoonDB,True,True,True
Q05513,MoonDB,True,True,True
Q9CXW4,MoonProt3,True,True,True
P52735,MoonDB,True,True,True
Q8WV44,MoonDB,True,True,True
O00291,MoonDB,True,True,True
P22736,MoonDB,True,True,True
P11103,MoonProt3,True,True,True
Q8TAD8,MoonDB,True,True,True
Q15428,MoonProt3,True,True,True
P63165,MoonDB,True,True,True
Q24314,MoonProt3,True,True,True
P62829,MoonProt3,True,True,True
P62081,MoonProt3,True,True,True
O94906,MoonDB,True,True,True
P9WPW9,MoonProt3,True,True,True
Q7LX99,MoonProt3,True,True,True
P11940,MoonDB,True,True,True
P51948,MoonDB,True,True,True
P42858,MoonDB,True,True,True
P63208,MoonDB,True,True,True
P61254,MoonProt3,True,True,True
O00308,MoonDB,True,True,True
P62310,MoonDB,True,True,True
Q9BZR9,MoonDB,True,True,True
P40429,MoonProt3,True,True,True
P10809,MoonProt3,True,True,True
Q13153,MoonDB,True,True,True
P62277,MoonProt3,True,True,True
Q9BSI4,MoonDB,True,True,True
P27635,MoonProt3,True,True,True
P0A7E9,MoonProt3,True,True,True
O00560,MoonDB,True,True,True
P62913,MoonProt3,True,True,True
Q8NEU8,MoonDB,True,True,True
Q9C035,MoonDB,True,True,True
P52286,MoonDB,True,True,True
Q8IXK0,MoonDB,True,True,True
Q05080,MoonDB,True,True,True
Q63HR2,MoonDB,True,True,True
O75604,MoonDB,True,True,True
P46777,MoonProt3,True,True,True
Q08379,MoonDB,True,True,True
O43464,MoonDB,True,True,True
P27302,MoonProt3,True,True,True
P23381,MoonProt3,True,True,True
O00499,MoonDB,True,True,True
P04797,MoonProt3,True,True,True
P62993,MoonDB,True,True,True
P27361,MoonDB,True,True,True
P62263,MoonProt3,True,True,True
Q13825,MoonProt3,True,True,True
Q27727,MoonProt3,True,True,True
P41250,MoonProt3,True,True,True
Q9P2J5,MoonProt3,True,True,True
P47897,MoonProt3,True,True,True
B9VJ59,MoonProt3,True,True,True
P63279,MoonDB,True,True,True
P05141,MoonProt3,True,True,True
P21860,MoonDB,True,True,True
Q9UMS4,MoonDB,True,True,True
Q04637,MoonProt3,True,True,True
P62136,MoonDB,True,True,True
P21399,MoonProt3,True,True,True
P33421,MoonProt3,True,True,True
P17710,MoonProt3,True,True,True
Q13200,MoonDB,True,True,True
P49407,MoonProt3,True,True,True
P67809,MoonProt3,True,True,True
P28834,MoonProt3,True,True,True
P46937,MoonProt3,True,True,True
P02730,MoonProt3,True,True,True
P09429,MoonProt3,True,True,True
P34760,MoonProt3,True,True,True
P04075,MoonProt3,True,True,True
P27797,MoonProt3,True,True,True
P13716,MoonProt3,True,True,True
P43138,MoonProt3,True,True,True
P36873,MoonDB,True,True,True
Q61371,MoonProt3,True,True,True
Q9UTI7,MoonProt3,True,True,True
P61088,MoonDB,True,True,True
Q9NUX5,MoonDB,True,True,True
P60723,MoonProt3,True,True,True
Q9UNE7,MoonDB,True,True,True
P68400,MoonDB,True,True,True
Q9UKG1,MoonDB,True,True,True
Q8N8N0,MoonDB,True,True,True
Q05201,MoonProt3,True,True,True
Q8WZ42,MoonDB,True,True,True
P14618,MoonProt3,True,True,True
P55072,MoonDB,True,True,True
P38936,MoonDB,True,True,True
Q92569,MoonDB,True,True,True
P45850,MoonProt3,True,True,True
Q9ZVD5,MoonProt3,True,True,True
Q28399,MoonProt3,True,True,True
P01023,MoonDB,True,True,True
P00812,MoonProt3,True,True,True
P34896,MoonProt3,True,True,True
Q8WWY3,MoonProt3,True,True,True
Q95017,MoonDB,True,True,True
P04818,MoonProt3,True,True,True
O15530,MoonDB,True,True,True
P68036,MoonDB,True,True,True
P28702,MoonDB,True,True,True
P06241,MoonDB,True,True,True
P36776,MoonDB,True,True,True
Q13596,MoonDB,True,True,True
P04156,MoonDB,True,True,True
P25911,MoonDB,True,True,True
P30041,MoonProt3,True,True,True
Q96B02,MoonDB,True,True,True
Q9Y2D1,MoonProt3,True,True,True
P11142,MoonDB,True,True,True
P11325,MoonProt3,True,True,True
P27540,MoonDB,True,True,True
P43405,MoonDB,True,True,True
Q15024,MoonDB,True,True,True
P25539,MoonProt3,True,True,True
Q6ZNA4,MoonDB,True,True,True
P63085,MoonDB,True,True,True
P16333,MoonDB,True,True,True
Q9P2N6,MoonProt3,True,True,True
P06243,MoonDB,True,True,True
P14373,MoonDB,True,True,True
P46527,MoonDB,True,True,True
P98170,MoonDB,True,True,True
Q7Z3B3,MoonProt3,True,True,True
P07550,MoonDB,True,True,True
P29350,MoonDB,True,True,True
P32243,MoonDB,True,True,True
P14859,MoonProt3,True,True,True
P17256,MoonProt3,True,True,True
P10503,MoonProt3,True,True,True
P61086,MoonDB,True,True,True
P38398,MoonProt3,True,True,True
P10275,MoonDB,True,True,True
P07814,MoonProt3,True,True,True
Q9BYF1,MoonProt3,True,True,True
P45880,MoonProt3,True,True,True
P61964,MoonProt3,True,True,True
Q96EZ8,MoonProt3,True,True,True
Q5A0M4,MoonProt3,True,True,True
Q15797,MoonDB,True,True,True
P19447,MoonProt3,True,True,True
P16885,MoonDB,True,True,True
Q8IZH2,MoonDB,True,True,True
Q00613,MoonDB,True,True,True
Q06406,MoonDB,True,True,True
Q13114,MoonDB,True,True,True
P06733,MoonProt3,True,True,True
Q9NQX1,MoonDB,True,True,True
P12931,MoonDB,True,True,True
P40763,MoonDB,True,True,True
Q0VCU1,MoonProt3,True,True,True
P32325,MoonDB,True,True,True
P50222,MoonDB,True,True,True
Q9Y6K9,MoonDB,True,True,True
Q05516,MoonDB,True,True,True
P00957,MoonProt3,True,True,True
P09546,MoonProt3,True,True,True
P0DP23,MoonDB,True,True,True
Q60591,MoonDB,True,True,True
Q9H6Y7,MoonDB,True,True,True
P06709,MoonProt3,True,True,True
Q99816,MoonDB,True,True,True
P14755,MoonProt3,True,True,True
Q14457,MoonDB,True,True,True
P15692,MoonDB,True,True,True
P06702,MoonProt3,True,True,True
P11980,MoonProt3,True,True,True
P28482,MoonProt3,True,True,True
P55055,MoonDB,True,True,True
P13639,MoonProt3,True,True,True
P03069,MoonProt3,True,True,True
P67870,MoonDB,True,True,True
Q6P9J9,MoonProt3,True,True,True
P09960,MoonProt3,True,True,True
P00546,MoonDB,True,True,True
Q3Y454,MoonProt3,True,True,True
P00374,MoonProt3,True,True,True
Q6GIL8,MoonProt3,True,True,True
P23396,MoonProt3,True,True,True
Q7L0Y3,MoonProt3,True,True,True
O88470,MoonDB,True,True,True
P11473,MoonDB,True,True,True
P26639,MoonProt3,True,True,True
P24228,MoonProt3,True,True,True
P16951,MoonProt3,True,True,True
Q92731,MoonDB,True,True,True
P00533,MoonDB,True,True,True
P13010,MoonDB,True,True,True
O60568,MoonProt3,True,True,True
P53350,MoonDB,True,True,True
P19889,MoonProt3,True,True,True
Q13492,MoonProt3,True,True,True
Q96SB4,MoonDB,True,True,True
P09874,MoonProt3,True,True,True
P50570,MoonDB,True,True,True
Q9NQ66,MoonProt3,True,True,True
O95835,MoonProt3,True,True,True
P14921,MoonDB,True,True,True
Q06124,MoonDB,True,True,True
Q27820,MoonProt3,True,True,True
Q00610,MoonDB,True,True,True
O14503,MoonDB,True,True,True
Q12873,MoonDB,True,True,True
Q9H4A3,MoonDB,True,True,True
A0A0H3LHU4,MoonProt3,True,True,True
Q5XIM7,MoonProt3,True,True,True
P12956,MoonDB,True,True,True
P04637,MoonDB,True,True,True
P27278,MoonProt3,True,True,True
O43318,MoonDB,True,True,True
P0A8M3,MoonProt3,True,True,True
Q9Y4K3,MoonDB,True,True,True
Q5SW96,MoonDB,True,True,True
P42684,MoonDB,True,True,True
Q06559,MoonProt3,True,True,True
P04626,MoonDB,True,True,True
F9VMT6,MoonProt3,True,True,True
Q8IUQ4,MoonDB,True,True,True
P15291,MoonProt3,True,True,True
Q00987,MoonDB,True,True,True
P02649,MoonDB,True,True,True
P78362,MoonDB,True,True,True
P13299,MoonProt3,True,True,True
P19174,MoonDB,True,True,True
Q9HD42,MoonDB,True,True,True
P19544,MoonProt3,True,True,True
O60341,MoonDB,True,True,True
Q96EB6,MoonProt3,True,True,True
P07900,MoonDB,True,True,True
P60953,MoonDB,True,True,True
Q00534,MoonDB,True,True,True
P19793,MoonDB,True,True,True
Q9Y6Q9,MoonDB,True,True,True
P03372,MoonDB,True,True,True
P68104,MoonProt3,True,True,True
P20338,MoonDB,True,True,True
P84022,MoonDB,True,True,True
P0A9Q7,MoonProt3,True,True,True
Q42525,MoonProt3,True,True,True
P27695,MoonProt3,True,True,True
P12004,MoonDB,True,True,True
P08238,MoonDB,True,True,True
P08237,MoonProt3,True,True,True
Q8WYB5,MoonDB,True,True,True
P10276,MoonDB,True,True,True
P08183,MoonProt3,True,True,True
P21980,MoonProt3,True,True,True
P00519,MoonDB,True,True,True
P60010,MoonDB,True,True,True
P09467,MoonProt3,True,True,True
P37231,MoonDB,True,True,True
Q96L73,MoonDB,True,True,True
E9Q401,MoonDB,True,True,True
P68187,MoonProt3,True,True,True
Q09472,MoonDB,True,True,True
P13569,MoonProt3,True,True,True
P15336,MoonProt3,True,True,True
O22793,Previous_Study,True,True,True
G8JZS6,Previous_Study,True,True,True
G1FNI6,Previous_Study,True,True,True
C0LGW6,Previous_Study,True,True,True
C0HLV2,Previous_Study,True,True,True
P16402,Previous_Study,True,True,True
A1B198,Previous_Study,True,True,True
P20827,Previous_Study,True,True,True
A2AR95,Previous_Study,True,True,True
P19835,Previous_Study,True,True,True
O75570,Previous_Study,True,True,True
P0AFX0,Previous_Study,True,True,True
P18291,Previous_Study,True,True,True
G5EEG7,Previous_Study,True,True,True
O15033,Previous_Study,True,True,True
O43704,Previous_Study,True,True,True
O60906,Previous_Study,True,True,True
P15260,Previous_Study,True,True,True
P00423,Previous_Study,True,False,True
O15264,Previous_Study,True,True,True
P11229,Previous_Study,True,True,True
P08393,Previous_Study,True,True,True
P10613,Previous_Study,True,True,True
P10398,Previous_Study,True,True,True
P0C8E7,Previous_Study,True,True,True
,Previous_Study,False,False,False
P0AAR3,Previous_Study,True,True,True
O33407,Previous_Study,True,True,True
O95881,Previous_Study,True,True,True
O14529,Previous_Study,True,True,True
O14842,Previous_Study,True,True,True
O60241,Previous_Study,True,True,True
P0A870,Previous_Study,True,True,True
O75897,Previous_Study,True,True,True
P0AFL3,Previous_Study,True,True,True
P0AER0,Previous_Study,True,True,True
O00338,Previous_Study,True,True,True
P12104,Previous_Study,True,True,True
P0C7R1,Previous_Study,True,True,True
P0C0T5,Previous_Study,True,True,True
O00585,Previous_Study,True,True,True
P13001,Previous_Study,True,True,True
P06612,Previous_Study,True,True,True
O95238,Previous_Study,True,True,True
O60242,Previous_Study,True,True,True
P00191,Previous_Study,True,True,True
O96020,Previous_Study,True,True,True
P12530,Previous_Study,True,True,True
P13721,Previous_Study,True,True,True
O94444,Previous_Study,True,True,True
P14324,Previous_Study,True,True,True
O95399,Previous_Study,True,True,True
P13635,Previous_Study,True,True,True
P14550,Previous_Study,True,True,True
O76054,Previous_Study,True,True,True
P12960,Previous_Study,True,True,True
F1LQ48,Previous_Study,True,True,True
P14099,Previous_Study,True,True,True
P11859,Previous_Study,True,True,True
P0AF36,Previous_Study,True,True,True
P07148,Previous_Study,True,True,True
O32504,Previous_Study,True,True,True
P09201,Previous_Study,True,True,True
P0AG86,Previous_Study,True,True,True
P06132,Previous_Study,True,True,True
O15389,Previous_Study,True,True,True
O24146,Previous_Study,True,True,True
O22822,Previous_Study,True,True,True
P01859,Previous_Study,True,True,True
D2Z028,Previous_Study,True,True,True
P07764,Previous_Study,True,True,True
P10645,Previous_Study,True,True,True
P11672,Previous_Study,True,True,True
O23512,Previous_Study,True,True,True
P16045,Previous_Study,True,True,True
O60880,Previous_Study,True,True,True
F8WQK8,Previous_Study,True,True,True
P20809,Previous_Study,True,True,True
P18956,Previous_Study,True,True,True
O50202,Previous_Study,True,True,True
L7NCQ3,Previous_Study,True,True,True
O14717,Previous_Study,True,True,True
O43613,Previous_Study,True,True,True
P21375,Previous_Study,True,True,True
A0A0K0MJN3,Previous_Study,True,True,True
O43291,Previous_Study,True,True,True
B2UP57,Previous_Study,True,True,True
O13877,Previous_Study,True,True,True
O43278,Previous_Study,True,True,True
P15248,Previous_Study,True,True,True
O14544,Previous_Study,True,True,True
O15305,Previous_Study,True,True,True
P20783,Previous_Study,True,True,True
P16330,Previous_Study,True,True,True
P20676,Previous_Study,True,True,True
O14792,Previous_Study,True,True,True
O81862,Previous_Study,True,True,True
O80467,Previous_Study,True,True,True
O15054,Previous_Study,True,True,True
O75717,Previous_Study,True,True,True
O43896,Previous_Study,True,True,True
O14960,Previous_Study,True,True,True
P18075,Previous_Study,True,True,True
O34002,Previous_Study,True,True,True
O33283,Previous_Study,True,True,True
O15198,Previous_Study,True,True,True
P18196,Previous_Study,True,True,True
P0DPB6,Previous_Study,True,True,True
O00222,Previous_Study,True,True,True
H2B3G5,Previous_Study,True,True,True
P19221,Previous_Study,True,True,True
A0AVT1,Previous_Study,True,True,True
P0AEY8,Previous_Study,True,True,True
P16662,Previous_Study,True,True,True
P0AE85,Previous_Study,True,True,True
P02753,Previous_Study,True,True,True
O64743,Previous_Study,True,True,True
O54288,Previous_Study,True,True,True
P0AC13,Previous_Study,True,True,True
P04397,Previous_Study,True,True,True
O29976,Previous_Study,True,True,True
P04819,Previous_Study,True,True,True
O54983,Previous_Study,True,True,True
P05031,Previous_Study,True,True,True
G4NAP4,Previous_Study,True,True,True
P05090,Previous_Study,True,True,True
A6NI73,Previous_Study,True,True,True
A6NIH7,Previous_Study,True,True,True
A5KE01,Previous_Study,True,True,True
P05219,Previous_Study,True,True,True
P06106,Previous_Study,True,True,True
I1WVY3,Previous_Study,True,True,True
O43614,Previous_Study,True,True,True
P01097,Previous_Study,True,True,True
P00803,Previous_Study,True,True,True
O75324,Previous_Study,True,True,True
O75795,Previous_Study,True,True,True
P11655,Previous_Study,True,True,True
O75888,Previous_Study,True,True,True
A0A166U5H3,Previous_Study,True,True,True
O76021,Previous_Study,True,True,True
P01563,Previous_Study,True,True,True
O64470,Previous_Study,True,True,True
A0A4P8DY91,Previous_Study,True,True,True
O94788,Previous_Study,True,True,True
P07492,Previous_Study,True,True,True
O95727,Previous_Study,True,True,True
A0FKN5,Previous_Study,True,True,True
O95970,Previous_Study,True,True,True
P00724,Previous_Study,True,True,True
P09758,Previous_Study,True,True,True
P06681,Previous_Study,True,True,True
O43396,Previous_Study,True,True,True
P08638,Previous_Study,True,True,True
P09056,Previous_Study,True,True,True
P13686,Previous_Study,True,True,True
B4XT64,Previous_Study,True,True,True
P08244,Previous_Study,True,True,True
P09914,Previous_Study,True,True,True
P0AA37,Previous_Study,True,True,True
P08171,Previous_Study,True,True,True
P08168,Previous_Study,True,True,True
P16233,Previous_Study,True,True,True
P20443,Previous_Study,True,True,True
P11880,Previous_Study,True,True,True
P0ACC1,Previous_Study,True,True,True
P0ADS2,Previous_Study,True,True,True
P06983,Previous_Study,True,True,True
P01298,Previous_Study,True,True,True
P09237,Previous_Study,True,True,True
O81770,Previous_Study,True,True,True
O94806,Previous_Study,True,True,True
P09104,Previous_Study,True,True,True
O94953,Previous_Study,True,True,True
O60826,Previous_Study,True,True,True
O35250,Previous_Study,True,True,True
P08318,Previous_Study,True,True,True
P0DPD7,Previous_Study,True,True,True
O15537,Previous_Study,True,True,True
P08902,Previous_Study,True,True,True
O95980,Previous_Study,True,True,True
O14526,Previous_Study,True,True,True
O76095,Previous_Study,True,True,True
P04591,Previous_Study,True,True,True
O75563,Previous_Study,True,True,True
O60609,Previous_Study,True,True,True
O02372,Previous_Study,True,True,True
P00346,Previous_Study,True,True,True
P01593,Previous_Study,True,True,True
P0ABI4,Previous_Study,True,True,True
O70394,Previous_Study,True,True,True
O08547,Previous_Study,True,True,True
P01721,Previous_Study,True,True,True
O70361,Previous_Study,True,True,True
P01709,Previous_Study,True,True,True
P0AAW9,Previous_Study,True,True,True
O96028,Previous_Study,True,True,True
O70201,Previous_Study,True,True,True
O75716,Previous_Study,True,True,True
P0A6L0,Previous_Study,True,True,True
O60678,Previous_Study,True,True,True
P0AFR2,Previous_Study,True,True,True
O75914,Previous_Study,True,True,True
O43586,Previous_Study,True,True,True
P08909,Previous_Study,True,True,True
O14939,Previous_Study,True,True,True
P12271,Previous_Study,True,True,True
O43508,Previous_Study,True,True,True
P17888,Previous_Study,True,True,True
P07327,Previous_Study,True,True,True
P17515,Previous_Study,True,True,True
P05129,Previous_Study,True,True,True
P13797,Previous_Study,True,True,True
P04279,Previous_Study,True,True,True
P16554,Previous_Study,True,True,True
P05187,Previous_Study,True,True,True
P06881,Previous_Study,True,True,True
P16297,Previous_Study,True,True,True
O15085,Previous_Study,True,True,True
P05696,Previous_Study,True,True,True
P06850,Previous_Study,True,True,True
P15202,Previous_Study,True,True,True
P06821,Previous_Study,True,True,True
P07102,Previous_Study,True,True,True
P00748,Previous_Study,True,True,True
P18239,Previous_Study,True,True,True
O15393,Previous_Study,True,True,True
P01027,Previous_Study,True,True,True
P14384,Previous_Study,True,True,True
P10987,Previous_Study,True,True,True
P01594,Previous_Study,True,True,True
P01764,Previous_Study,True,True,True
O55038,Previous_Study,True,True,True
P01772,Previous_Study,True,True,True
P11551,Previous_Study,True,True,True
O15394,Previous_Study,True,True,True
P02686,Previous_Study,True,True,True
O49523,Previous_Study,True,True,True
P19934,Previous_Study,True,True,True
P02767,Previous_Study,True,True,True
O48737,Previous_Study,True,True,True
P03126,Previous_Study,True,True,True
P03485,Previous_Study,True,True,True
P03952,Previous_Study,True,True,True
P01317,Previous_Study,True,True,True
A0A024B7W1,Previous_Study,True,True,True
P09032,Previous_Study,True,True,True
P0DJL7,Previous_Study,True,True,True
P08487,Previous_Study,True,True,True
O61722,Previous_Study,True,True,True
O60759,Previous_Study,True,True,True
O60381,Previous_Study,True,True,True
O94868,Previous_Study,True,True,True
P0C1S8,Previous_Study,True,True,True
O53664,Previous_Study,True,True,True
P09326,Previous_Study,True,True,True
P07998,Previous_Study,True,True,True
O00451,Previous_Study,True,True,True
P10082,Previous_Study,True,True,True
P06907,Previous_Study,True,True,True
P00326,Previous_Study,True,True,True
P01597,Previous_Study,True,True,True
P05120,Previous_Study,True,True,True
P12645,Previous_Study,True,True,True
P13598,Previous_Study,True,False,True
P14091,Previous_Study,True,True,True
A0A075TRK9,Previous_Study,True,True,True
P06312,Previous_Study,True,True,True
P01700,Previous_Study,True,True,True
P19087,Previous_Study,True,True,True
P01704,Previous_Study,True,True,True
P13929,Previous_Study,True,True,True
P14209,Previous_Study,True,False,True
A6XH05,Previous_Study,True,True,True
P0ABV6,Previous_Study,True,True,True
P0CG04,Previous_Study,True,True,True
P18545,Previous_Study,True,True,True
A6NED2,Previous_Study,True,True,True
P14069,Previous_Study,True,True,True
P0C5Z0,Previous_Study,True,True,True
O08722,Previous_Study,True,True,True
P0AB58,Previous_Study,True,True,True
B2RHG1,Previous_Study,True,True,True
A6ND01,Previous_Study,True,True,True
C0LGQ5,Previous_Study,True,True,True
O00399,Previous_Study,True,True,True
O00757,Previous_Study,True,True,True
P0DOY2,Previous_Study,True,True,True
P00568,Previous_Study,True,True,True
P0A744,Previous_Study,True,True,True
P19156,Previous_Study,True,True,True
O14793,Previous_Study,True,True,True
P05112,Previous_Study,True,True,True
P01584,Previous_Study,True,True,True
P01588,Previous_Study,True,True,True
A0QWG6,Previous_Study,True,True,True
P01586,Previous_Study,True,True,True
O14782,Previous_Study,True,True,True
P01579,Previous_Study,True,True,True
P19926,Previous_Study,True,True,True
P11488,Previous_Study,True,True,True
O75970,Previous_Study,True,True,True
P01575,Previous_Study,True,True,True
P00958,Previous_Study,True,True,True
P21570,Previous_Study,True,True,True
O15496,Previous_Study,True,True,True
P13489,Previous_Study,True,True,True
P01258,Previous_Study,True,True,True
P21187,Previous_Study,True,True,True
P01282,Previous_Study,True,True,True
P20042,Previous_Study,True,True,True
P01315,Previous_Study,True,True,True
P01501,Previous_Study,True,True,True
P01555,Previous_Study,True,True,True
P21327,Previous_Study,True,True,True
P01556,Previous_Study,True,True,True
P20290,Previous_Study,True,True,True
P20068,Previous_Study,True,True,True
P20826,Previous_Study,True,True,True
P0AEU7,Previous_Study,True,True,True
P18510,Previous_Study,True,True,True
P13232,Previous_Study,True,True,True
P04739,Previous_Study,True,True,True
P15018,Previous_Study,True,True,True
P03087,Previous_Study,True,True,True
A4YDT1,Previous_Study,True,True,True
P04418,Previous_Study,True,True,True
P04347,Previous_Study,True,True,True
P15891,Previous_Study,True,True,True
P04351,Previous_Study,True,True,True
P04370,Previous_Study,True,True,True
P04385,Previous_Study,True,True,True
O15123,Previous_Study,True,True,True
P15391,Previous_Study,True,True,True
O75822,Previous_Study,True,True,True
P12955,Previous_Study,True,True,True
P14738,Previous_Study,True,True,True
P04776,Previous_Study,True,True,True
P02585,Previous_Study,True,True,True
P16686,Previous_Study,True,True,True
P18670,Previous_Study,True,True,True
P02091,Previous_Study,True,True,True
P04002,Previous_Study,True,True,True
P14079,Previous_Study,True,True,True
O95998,Previous_Study,True,True,True
A0A0D1DWQ2,Previous_Study,True,True,True
P05030,Previous_Study,True,True,True
P13725,Previous_Study,True,True,True
P18054,Previous_Study,True,True,True
P18065,Previous_Study,True,True,True
O43559,Previous_Study,True,True,True
O43572,Previous_Study,True,True,True
P17741,Previous_Study,True,True,True
P10852,Previous_Study,True,True,True
P16860,Previous_Study,True,True,True
P02747,Previous_Study,True,True,True
P04899,Previous_Study,True,True,True
P17555,Previous_Study,True,True,True
P02294,Previous_Study,True,True,True
P0C0L5,Previous_Study,True,True,True
O75886,Previous_Study,True,True,True
C6KSX0,Previous_Study,True,True,True
O75962,Previous_Study,True,True,True
O76041,Previous_Study,True,True,True
P0ACE3,Previous_Study,True,True,True
O80568,Previous_Study,True,True,True
O08603,Previous_Study,True,True,True
P02293,Previous_Study,True,True,True
A0A3L7I2I8,Previous_Study,True,True,True
O88587,Previous_Study,True,True,True
P0A855,Previous_Study,True,True,True
P16687,Previous_Study,True,True,True
O94760,Previous_Study,True,True,True
P09616,Previous_Study,True,True,True
P0DN86,Previous_Study,True,True,True
P09733,Previous_Study,True,True,True
O08604,Previous_Study,True,True,True
P02745,Previous_Study,True,True,True
P02789,Previous_Study,True,True,True
P09041,Previous_Study,True,True,True
P0AE88,Previous_Study,True,True,True
O00463,Previous_Study,True,True,True
O35235,Previous_Study,True,True,True
O75462,Previous_Study,True,True,True
O35305,Previous_Study,True,True,True
P0ABU9,Previous_Study,True,True,True
P02746,Previous_Study,True,True,True
O75751,Previous_Study,True,True,True
P05113,Previous_Study,True,True,True
P04911,Previous_Study,True,True,True
P11827,Previous_Study,True,True,True
P0AFM6,Previous_Study,True,True,True
P11541,Previous_Study,True,True,True
P03375,Previous_Study,True,True,True
P0A912,Previous_Study,True,True,True
O58966,Previous_Study,True,True,True
P05981,Previous_Study,True,True,True
P08640,Previous_Study,True,True,True
P05122,Previous_Study,True,True,True
O15372,Previous_Study,True,True,True
O00212,Previous_Study,True,True,True
O14352,Previous_Study,True,True,True
O60565,Previous_Study,True,True,True
O14011,Previous_Study,True,True,True
P08700,Previous_Study,True,True,True
O95834,Previous_Study,True,True,True
O00214,Previous_Study,True,True,True
P06789,Previous_Study,True,True,True
O43432,Previous_Study,True,True,True
O95868,Previous_Study,True,True,True
P04509,Previous_Study,True,True,True
O97364,Previous_Study,True,True,True
P06307,Previous_Study,True,True,True
F1RAX4,Previous_Study,True,True,True
D9I2F9,Previous_Study,True,True,True
O43255,Previous_Study,True,True,True
P20937,Previous_Study,True,True,True
P08134,Previous_Study,True,True,True
P0DMC5,Previous_Study,True,True,True
P15812,Previous_Study,True,True,True
P12476,Previous_Study,True,True,True
P02042,Previous_Study,True,True,True
P02100,Previous_Study,True,True,True
P0ABB4,Previous_Study,True,True,True
P0ABC7,Previous_Study,True,True,True
P18627,Previous_Study,True,True,True
P12318,Previous_Study,True,True,True
P07288,Previous_Study,True,True,True
P08191,Previous_Study,True,True,True
P0ABE5,Previous_Study,True,True,True
P07363,Previous_Study,True,True,True
A8MT69,Previous_Study,True,True,True
P06169,Previous_Study,True,True,True
O42661,Previous_Study,True,True,True
P07141,Previous_Study,True,True,True
P09455,Previous_Study,True,True,True
P21243,Previous_Study,True,True,True
P09913,Previous_Study,True,True,True
P0DPK2,Previous_Study,True,True,True
P0A6F1,Previous_Study,True,True,True
P0A6S5,Previous_Study,True,True,True
P09446,Previous_Study,True,True,True
B5KM66,Previous_Study,True,True,True
P0A894,Previous_Study,True,True,True
P09086,Previous_Study,True,True,True
P0A903,Previous_Study,True,True,True
A0A2P1GIW3,Previous_Study,True,True,True
P0A935,Previous_Study,True,True,True
B5BLW5,Previous_Study,True,True,True
A0JNT9,Previous_Study,True,True,True
P06454,Previous_Study,True,True,True
A7KAX9,Previous_Study,True,True,True
P0A937,Previous_Study,True,True,True
P0A964,Previous_Study,True,True,True
P0DJD3,Previous_Study,True,True,True
A8I4E9,Previous_Study,True,True,True
P0CJ48,Previous_Study,True,True,True
P07315,Previous_Study,True,True,True
P0AEJ6,Previous_Study,True,True,True
P04806,Previous_Study,True,True,True
O61667,Previous_Study,True,True,True
O82226,Previous_Study,True,True,True
O88554,Previous_Study,True,True,True
O88622,Previous_Study,True,True,True
O88844,Previous_Study,True,True,True
O89050,Previous_Study,True,True,True
O94782,Previous_Study,True,True,True
O60870,Previous_Study,True,True,True
P08240,Previous_Study,True,True,True
O60814,Previous_Study,True,True,True
O95163,Previous_Study,True,True,True
O95235,Previous_Study,True,True,True
O95257,Previous_Study,True,True,True
O60729,Previous_Study,True,True,True
O95319,Previous_Study,True,True,True
A0A2P1GIW2,Previous_Study,True,True,True
O95372,Previous_Study,True,True,True
O62479,Previous_Study,True,True,True
O76071,Previous_Study,True,True,True
O75365,Previous_Study,True,True,True
O75368,Previous_Study,True,True,True
O75446,Previous_Study,True,True,True
O74499,Previous_Study,True,True,True
O70624,Previous_Study,True,True,True
O75688,Previous_Study,True,True,True
P13727,Previous_Study,True,True,True
O75792,Previous_Study,True,True,True
O70435,Previous_Study,True,True,True
O75815,Previous_Study,True,True,True
P0AG30,Previous_Study,True,True,True
O75937,Previous_Study,True,True,True
O75943,Previous_Study,True,True,True
O75971,Previous_Study,True,True,True
A0A1C7D1B7,Previous_Study,True,True,True
O76093,Previous_Study,True,True,True
B2RXH2,Previous_Study,True,True,True
O95393,Previous_Study,True,True,True
O95760,Previous_Study,True,True,True
P01867,Previous_Study,True,True,True
A2A825,Previous_Study,True,True,True
P02309,Previous_Study,True,True,True
O53585,Previous_Study,True,True,True
O53580,Previous_Study,True,True,True
O94913,Previous_Study,True,True,True
P02942,Previous_Study,True,True,True
O88951,Previous_Study,True,True,True
O46043,Previous_Study,True,True,True
P03255,Previous_Study,True,True,True
P03452,Previous_Study,True,True,True
P03971,Previous_Study,True,True,True
O43865,Previous_Study,True,True,True
O35381,Previous_Study,True,True,True
O43765,Previous_Study,True,True,True
P01857,Previous_Study,True,True,True
O95390,Previous_Study,True,True,True
P01731,Previous_Study,True,True,True
O59734,Previous_Study,True,True,True
O95994,Previous_Study,True,True,True
O95997,Previous_Study,True,True,True
O96013,Previous_Study,True,True,True
P00257,Previous_Study,True,True,True
P00342,Previous_Study,True,True,True
P00375,Previous_Study,True,True,True
P00390,Previous_Study,True,True,True
P00572,Previous_Study,True,True,True
P01139,Previous_Study,True,True,True
P01160,Previous_Study,True,True,True
P01210,Previous_Study,True,True,True
P01225,Previous_Study,True,True,True
P01236,Previous_Study,True,True,True
P01270,Previous_Study,True,True,True
A1Z1Q3,Previous_Study,True,True,True
O55234,Previous_Study,True,True,True
O75175,Previous_Study,True,True,True
C3VPR6,Previous_Study,True,True,True
P15208,Previous_Study,True,True,True
P15151,Previous_Study,True,True,True
P14907,Previous_Study,True,True,True
P11124,Previous_Study,True,True,True
O15212,Previous_Study,True,True,True
P10826,Previous_Study,True,True,True
O88384,Previous_Study,True,True,True
O95154,Previous_Study,True,True,True
O95801,Previous_Study,True,True,True
O15245,Previous_Study,True,True,True
P00942,Previous_Study,True,True,True
P13667,Previous_Study,True,True,True
P10443,Previous_Study,True,True,True
O13034,Previous_Study,True,True,True
O09118,Previous_Study,True,True,True
P13458,Previous_Study,True,True,True
O54785,Previous_Study,True,True,True
O75112,Previous_Study,True,True,True
O73790,Previous_Study,True,True,True
O70209,Previous_Study,True,True,True
O64903,Previous_Study,True,True,True
O08807,Previous_Study,True,True,True
P03612,Previous_Study,True,True,True
O14036,Previous_Study,True,True,True
P11836,Previous_Study,True,True,True
P18014,Previous_Study,True,True,True
O08838,Previous_Study,True,True,True
P12272,Previous_Study,True,True,True
P12670,Previous_Study,True,True,True
P13199,Previous_Study,True,True,True
O60684,Previous_Study,True,True,True
D6RGH6,Previous_Study,True,True,True
P15700,Previous_Study,True,True,True
O75144,Previous_Study,True,True,True
M1V4Y8,Previous_Study,True,True,True
P18433,Previous_Study,True,True,True
P20592,Previous_Study,True,True,True
P20065,Previous_Study,True,True,True
P19880,Previous_Study,True,True,True
A2ABV5,Previous_Study,True,True,True
P19784,Previous_Study,True,True,True
P18708,Previous_Study,True,True,True
B9EHT4,Previous_Study,True,True,True
P18509,Previous_Study,True,True,True
C6KRN1,Previous_Study,True,True,True
O00175,Previous_Study,True,True,True
O14879,Previous_Study,True,True,True
G7JEE5,Previous_Study,True,True,True
P14868,Previous_Study,True,True,True
P0AES9,Previous_Study,True,True,True
F5HF68,Previous_Study,True,True,True
O14187,Previous_Study,True,True,True
O14520,Previous_Study,True,True,True
O75031,Previous_Study,True,True,True
P16152,Previous_Study,True,True,True
F4JW79,Previous_Study,True,True,True
O74966,Previous_Study,True,True,True
O15056,Previous_Study,True,True,True
O54924,Previous_Study,True,True,True
O09061,Previous_Study,True,True,True
P16568,Previous_Study,True,True,True
O35627,Previous_Study,True,True,True
O15055,Previous_Study,True,True,True
O00182,Previous_Study,True,True,True
O14368,Previous_Study,True,True,True
P10810,Previous_Study,True,True,True
E7EZF3,Previous_Study,True,True,True
P06993,Previous_Study,True,True,True
P07395,Previous_Study,True,True,True
P0DMC3,Previous_Study,True,True,True
O96033,Previous_Study,True,True,True
P0ACN4,Previous_Study,True,True,True
P00560,Previous_Study,True,True,True
P0CY29,Previous_Study,True,True,True
O18334,Previous_Study,True,True,True
P08048,Previous_Study,True,True,True
O75129,Previous_Study,True,True,True
O00910,Previous_Study,True,True,True
P0ABB0,Previous_Study,True,True,True
O22287,Previous_Study,True,True,True
P08312,Previous_Study,True,True,True
C8VTS4,Previous_Study,True,True,True
O23530,Previous_Study,True,True,True
P04053,Previous_Study,True,True,True
P05451,Previous_Study,True,True,True
P0A6E6,Previous_Study,True,True,True
P0A6Y1,Previous_Study,True,True,True
P06704,Previous_Study,True,True,True
P07636,Previous_Study,True,True,True
O00472,Previous_Study,True,True,True
P08118,Previous_Study,True,True,True
P0AFF6,Previous_Study,True,True,True
P08572,Previous_Study,True,True,True
O95833,Previous_Study,True,True,True
P0DPK5,Previous_Study,True,True,True
P21374,Previous_Study,True,True,True
P0DTD2,Previous_Study,True,True,True
P0AGC3,Previous_Study,True,True,True
O75344,Previous_Study,True,True,True
O95484,Previous_Study,True,True,True
P0DTC5,Previous_Study,True,True,True
O00253,Previous_Study,True,True,True
O94316,Previous_Study,True,True,True
P10300,Previous_Study,True,True,True
P10493,Previous_Study,True,True,True
O95273,Previous_Study,True,True,True
D3ZMK9,Previous_Study,True,True,True
P16219,Previous_Study,True,True,True
O88867,Previous_Study,True,True,True
C4M4P4,Previous_Study,True,True,True
O53581,Previous_Study,True,True,True
O75694,Previous_Study,True,True,True
P0A0M0,Previous_Study,True,True,True
P07014,Previous_Study,True,True,True
P0C7P0,Previous_Study,True,True,True
O88273,Previous_Study,True,True,True
O75525,Previous_Study,True,True,True
P07358,Previous_Study,True,True,True
P03615,Previous_Study,True,True,True
O94875,Previous_Study,True,True,True
O75317,Previous_Study,True,True,True
P21583,Previous_Study,True,True,True
A0A0B5LB55,Previous_Study,True,True,True
O75334,Previous_Study,True,True,True
O75347,Previous_Study,True,True,True
P01189,Previous_Study,True,True,True
O89093,Previous_Study,True,True,True
P00684,Previous_Study,True,True,True
P17562,Previous_Study,True,True,True
P08169,Previous_Study,True,True,True
P01031,Previous_Study,True,True,True
A7IZE9,Previous_Study,True,True,True
P00894,Previous_Study,True,True,True
P16435,Previous_Study,True,True,True
P15926,Previous_Study,True,True,True
O94649,Previous_Study,True,True,True
P09956,Previous_Study,True,True,True
P04696,Previous_Study,True,True,True
O08583,Previous_Study,True,True,True
P14902,Previous_Study,True,True,True
O95631,Previous_Study,True,True,True
O95361,Previous_Study,True,True,True
O55164,Previous_Study,True,True,True
O96018,Previous_Study,True,True,True
O60504,Previous_Study,True,True,True
O43924,Previous_Study,True,True,True
O76927,Previous_Study,True,True,True
P10768,Previous_Study,True,True,True
O95149,Previous_Study,True,True,True
O95429,Previous_Study,True,True,True
P0AFX7,Previous_Study,True,True,True
O95704,Previous_Study,True,True,True
P0AC19,Previous_Study,True,True,True
O95071,Previous_Study,True,True,True
Q13951,MoonProt3,True,True,True
C2GUH0,MoonProt3,False,False,False
Q8GE63,MoonProt3,True,False,False
Q9ALW2,MoonProt3,True,False,True
P62799,MoonProt3,True,False,False
P53647,MoonProt3,True,False,False
Q8G5B7,MoonProt3,True,False,False
P9WPE9,MoonProt3,True,True,True
P44324,MoonProt3,True,False,True
Q9VUM1,MoonProt3,True,False,False
Q95U89,MoonProt3,False,False,False
E7S2A7,MoonProt3,False,False,False
P83780,MoonProt3,True,False,True
P40296,MoonProt3,True,False,False
Q6HEJ4,MoonProt3,True,False,False
E9BTJ1,MoonProt3,False,False,False
Q81X74,MoonProt3,False,False,False
P03880,MoonProt3,True,False,False
P0A1D3,MoonProt3,True,False,False
P68777,MoonProt3,True,False,False
Q5X762,MoonProt3,True,False,False
P09608,MoonProt3,True,False,False
Q8CPQ1,MoonProt3,True,False,False
Q6GIL6,MoonProt3,True,False,False
C5M5Z6,MoonProt3,True,False,False
D6D942,MoonProt3,False,False,False
P39310,MoonProt3,True,False,True
A0A2P0XIG5,MoonProt3,True,False,False
Q8KP52,MoonProt3,True,False,False
Q59RR7,MoonProt3,True,False,False
Q9EQQ9,MoonProt3,True,False,False
Q90X96,MoonProt3,True,False,False
A0A0E0UUG2,MoonProt3,True,False,False
P91883,MoonProt3,True,False,False
A0A0G7HBY7,MoonProt3,False,False,False
Q8X1X3,MoonProt3,True,False,False
Q8E4T9,MoonProt3,True,False,False
P61866,MoonProt3,True,False,True
Q8G6C9,MoonProt3,True,False,False
P00883,MoonProt3,True,True,True
A0A0H2US80,MoonProt3,True,False,False
A8AUR6,MoonProt3,True,False,False
U3SW74,MoonProt3,False,False,False
P46406,MoonProt3,True,False,False
A0EKJ1,MoonProt3,True,False,False
Q7JXV9,MoonProt3,True,True,True
Q57872,MoonProt3,True,False,False
E6KMA1,MoonProt3,True,False,False
O74713,MoonProt3,True,False,False
P0C0N1,MoonProt3,True,False,False
Q98TD4,MoonProt3,True,False,False
Q9Y0D3,MoonProt3,True,False,False
P0A3J0,MoonProt3,True,True,True
Q0P891,MoonProt3,True,False,True
O66198,MoonProt3,True,False,True
Q5FL51,MoonProt3,True,False,False
F7SCR2,MoonProt3,False,False,False
F9UM10,MoonProt3,True,False,False
B1YAL1,MoonProt3,True,False,False
F0N9L0,MoonProt3,False,False,False
Q8G6W1,MoonProt3,True,False,False
F5WVK5,MoonProt3,False,False,False
A8C5S7,MoonProt3,True,False,False
P21981,MoonProt3,True,True,True
Q9NDG0,MoonProt3,True,False,False
D5GYN9,MoonProt3,True,False,False
Q4A740,MoonProt3,True,False,False
Q8Y5E6,MoonProt3,True,False,False
P43067,MoonProt3,True,False,False
B7GTK2,MoonProt3,True,False,True
Q4A9M4,MoonProt3,True,False,False
A0A1P8YR90,MoonProt3,True,False,False
Q96UT6,MoonProt3,True,False,False
A0A0H3L8I8,MoonProt3,True,False,False
E6J203,MoonProt3,True,False,False
Q8LK65,MoonProt3,True,False,False
Q74K78,MoonProt3,True,False,True
A8KC60,MoonProt3,True,True,True
A0A0H3LCC3,MoonProt3,True,False,True
Q4CLD0,MoonProt3,True,False,False
P59159,MoonProt3,True,False,False
P00549,MoonProt3,True,True,True
I7MG78,MoonProt3,True,False,False
C5M3T7,MoonProt3,True,False,False
P13922,MoonProt3,True,False,False
P41911,MoonProt3,True,True,True
Q9VD72,MoonProt3,True,True,True
Q8RNU2,MoonProt3,True,False,False
P99029,MoonProt3,True,False,True
A9M296,MoonProt3,True,False,False
S8GE25,MoonProt3,False,False,False
A0A1F1EC06,MoonProt3,False,False,False
Q6PBE2,MoonProt3,True,False,False
Q9HI69,MoonProt3,True,False,False
C4XEI3,MoonProt3,True,False,False
Q8DNW9,MoonProt3,True,False,False
Q1J8I3,MoonProt3,False,False,False
P09591,MoonProt3,True,False,False
P39633,MoonProt3,True,False,True
P54279,MoonProt3,True,True,True
Q9JHG7,MoonProt3,True,True,True
K1MKZ7,MoonProt3,True,False,False
Q92132,MoonProt3,True,False,False
Q59263,MoonProt3,True,False,False
P31294,MoonProt3,True,False,False
P41007,MoonProt3,True,False,False
P31725,MoonProt3,True,True,True
O02649,MoonProt3,True,True,True
D8H2L1,MoonProt3,False,False,False
A0A125WDU3,MoonProt3,False,False,False
P17244,MoonProt3,True,False,False
D5G7U8,MoonProt3,True,False,False
P08037,MoonProt3,True,True,True
P13743,MoonProt3,True,False,False
Q92211,MoonProt3,True,False,False
Q8DQX8,MoonProt3,True,False,False
P0A4S2,MoonProt3,True,False,False
O33983,MoonProt3,True,False,True
Q8G6D6,MoonProt3,True,False,False
Q7YQK6,MoonProt3,True,False,False
Q10838,MoonProt3,True,False,True
Q9BRJ7,MoonProt3,True,False,True
I7WI49,MoonProt3,False,False,False
Q27089,MoonProt3,True,False,False
A8AY46,MoonProt3,True,False,False
P54066,MoonProt3,True,False,True
Q1JML5,MoonProt3,True,False,False
Q9KK62,MoonProt3,True,False,True
Q2YVT4,MoonProt3,True,False,False
P0AAI4,MoonProt3,True,False,False
Q9FNJ8,MoonProt3,True,False,True
P49577,MoonProt3,True,False,False
B8Q027,MoonProt3,True,False,True
P52987,MoonProt3,True,False,True
P17506,MoonProt3,True,False,True
Q59NQ5,MoonProt3,True,True,True
H2F490,MoonProt3,True,False,False
Q8G6R2,MoonProt3,True,False,False
Q7WTU1,MoonProt3,True,False,True
Q7NBZ0,MoonProt3,True,False,False
P42801,MoonProt3,True,True,True
P0DOB5,MoonProt3,True,False,True
Q12629,MoonProt3,True,False,False
E6IYJ0,MoonProt3,True,False,False
A4W2T1,MoonProt3,True,False,False
A8AWA0,MoonProt3,True,False,False
A0A0H3L5C8,MoonProt3,True,False,True
A0A0H2UNG6,MoonProt3,True,False,False
Q8XDH4,MoonProt3,True,False,False
P37282,MoonProt3,True,False,True
P48570,MoonProt3,True,True,True
P39533,MoonProt3,True,False,True
G4VKD9,MoonProt3,True,False,False
Q9GLW8,MoonProt3,True,False,False
H2C3I7,MoonProt3,True,False,False
Q8DXT0,MoonProt3,True,False,False
Q9VU15,MoonProt3,True,True,True
P00044,MoonProt3,True,True,True
A0A0F2E7M6,MoonProt3,True,False,False
O13289,MoonProt3,True,True,True
A0A5P8PC26,MoonProt3,True,False,False
P0CY35,MoonProt3,True,False,False
Q97QS2,MoonProt3,True,False,False
Q9I9A9,MoonProt3,True,False,False
Q92448,MoonProt3,True,True,True
Q8G879,MoonProt3,True,False,False
A5JQI1,MoonProt3,True,False,False
B7J1R2,MoonProt3,True,False,False
D3QX74,MoonProt3,False,False,False
P17618,MoonProt3,True,False,False
Q9AIS0,MoonProt3,True,False,True
E0N8L2,MoonProt3,True,False,False
A0A2H1CGV5,MoonProt3,False,False,False
P54575,MoonProt3,True,False,False
Q6GB54,MoonProt3,True,False,False
D9IL10,MoonProt3,True,False,False
Q8X1T3,MoonProt3,True,False,False
A8J7F6,MoonProt3,False,False,False
D5GCF2,MoonProt3,True,False,False
Q88YH3,MoonProt3,True,False,True
Q5K117,MoonProt3,True,False,False
P35846,MoonProt3,True,True,True
A0A0H3C985,MoonProt3,True,False,False
